Qty,From Ship,To Ship,Insurance,Listing Price,Market Low,Our Cost,Margin,Original Pledge Savings,Calculated Savings,Product Name
4,Railen,400i,120 months,10.00,12.63,5.00,5.00,20.00,15.00,Upgrade - Railen to 400i Warbond Edition
1,Prowler,600i Explorer,120 months,35.00,40.24,5.00,30.00,30.00,0.00,Upgrade - Prowler to 600i Explorer Warbond Edition
2,Sabre,A1 Spirit,no ins.,25.00,25.23,5.00,20.00,20.00,0.00,Upgrade - Sabre to A1 Spirit  Standard Edition
1,Merchantman,A2 Hercules,120 months,45.00,51.52,25.00,20.00,75.00,55.00,Upgrade - Merchantman to A2 Hercules Warbond Edition
4,Mercury,Apollo Medivac,no ins.,20.00,24.15,15.00,5.00,15.00,10.00,Upgrade - Mercury to Apollo Medivac Standard Edition
1,Constellation Andromeda,Apollo Triage,no ins.,20.00,21.84,10.00,10.00,10.00,0.00,Upgrade - Constellation Andromeda to Apollo Triage Standard Edition
1,Railen,Ares Inferno,120 months,35.00,41.28,10.00,25.00,15.00,-10.00,Upgrade - Railen to Ares Inferno  Warbond Edition
3,Scorpius Antares,Ares Inferno,120 months,15.00,17.24,5.00,10.00,15.00,5.00,Upgrade - Scorpius Antares to Ares Inferno  Warbond Edition
2,MOLE,Asgard,120 months,30.00,34.49,10.00,20.00,25.00,5.00,Upgrade - MOLE to Asgard Warbond Edition
2,Eclipse,Caterpillar,120 months,45.00,48.35,5.00,40.00,25.00,-15.00,Upgrade - Eclipse to Caterpillar Warbond Edition
5,Vanguard Sentinel,Constellation Aquila,120 months,30.00,33.34,15.00,15.00,25.00,10.00,Upgrade - Vanguard Sentinel to Constellation Aquila Warbond Edition
1,Constellation Aquila,Constellation Phoenix Emerald,no ins.,55.00,62.65,35.00,20.00,0.00,-20.00,Upgrade - Constellation Aquila to Constellation Phoenix Emerald Standard Edition
1,Vulture,Constellation Taurus,120 months,30.00,34.49,10.00,20.00,15.00,-5.00,Upgrade - Vulture to Constellation Taurus Warbond Edition
6,Defender,Corsair,120 months,20.00,22.99,10.00,10.00,20.00,10.00,Upgrade - Defender to Corsair Warbond Edition
2,Railen,Corsair,120 months,15.00,13.79,5.00,10.00,20.00,10.00,Upgrade - Railen to Corsair Warbond Edition
2,Defender,Corsair,120 months,20.00,22.99,10.00,10.00,20.00,10.00,Upgrade - Defender to Corsair Warbond Edition
1,Terrapin,Corsair,120 months,20.00,21.85,10.00,10.00,20.00,10.00,Upgrade - Terrapin to Corsair Warbond Edition
1,Terrapin,Corsair,120 months,20.00,21.85,5.00,15.00,25.00,10.00,Upgrade - Terrapin to Corsair Warbond Edition
1,Vulcan,Corsair,no ins.,50.00,57.49,15.00,35.00,35.00,0.00,Upgrade - Vulcan to Corsair Standard Edition
2,F7C-M Super Hornet Heartseeker Mk I,Defender,no ins.,30.00,33.03,5.00,25.00,15.00,-10.00,Upgrade - F7C-M Super Hornet Heartseeker to Defender Warbond Edition
1,Constellation Taurus,Defender,no ins.,30.00,32.91,10.00,20.00,10.00,-10.00,Upgrade - Constellation Taurus to Defender Warbond Edition
1,Cutlass Red,F7C-R Hornet Tracker Mk I,no ins.,30.00,33.96,5.00,25.00,10.00,-15.00,Upgrade - Cutlass Red to F7C-R Hornet Tracker Standard Edition
2,Prospector,F7C-R Hornet Tracker Mk II,120 months,20.00,23.00,10.00,10.00,20.00,10.00,Upgrade - Prospector to F7C-R Hornet Tracker Mk II Warbond Edition
1,Legionnaire,F7C-S Hornet Ghost Mk I,no ins.,65.00,74.62,5.00,60.00,15.00,-45.00,Upgrade - Legionnaire to F7C-S Hornet Ghost Standard Edition
2,Prospector,F7C-S Hornet Ghost Mk II,no ins.,20.00,23.00,10.00,10.00,20.00,10.00,Upgrade - Prospector to F7C-S Hornet Ghost Mk II Warbond Edition
1,Reliant Mako,Freelancer,no ins.,25.00,28.62,5.00,20.00,10.00,-10.00,Upgrade - Reliant Mako to Freelancer Warbond Edition
2,Mantis,Gladiator,120 months,25.00,26.39,5.00,20.00,10.00,-10.00,Upgrade - Mantis to Gladiator Warbond Edition
2,Railen,Guardian,no ins.,10.00,12.64,5.00,5.00,20.00,15.00,Upgrade - Railen to Guardian Warbond Edition
1,Vanguard Warden,Guardian MX,120 months,20.00,20.83,10.00,10.00,20.00,10.00,Upgrade - Vanguard Warden to Guardian MX Warbond Edition
2,Cutlass Steel,Guardian QI,no ins.,15.00,17.24,5.00,10.00,20.00,10.00,Upgrade - Cutlass Steel to Guardian QI Warbond Edition
1,Constellation Taurus,Hurricane,no ins.,15.00,17.12,5.00,10.00,5.00,-5.00,Upgrade - Constellation Taurus to Hurricane Standard Edition
9,Prowler,Ironclad,no ins.,50.00,57.50,10.00,40.00,150.00,110.00,Upgrade - Prowler to Ironclad Standard Edition
8,M2 Hercules,Ironclad Assault,no ins.,30.00,31.05,15.00,15.00,115.00,100.00,Upgrade - M2 Hercules to Ironclad Assault Standard Edition
1,Liberator,Merchantman,no ins.,50.00,57.49,25.00,25.00,50.00,25.00,Upgrade - Liberator to Merchantman Warbond Edition
3,Cutlass Steel,Mercury,no ins.,35.00,36.20,5.00,30.00,20.00,-10.00,Upgrade - Cutlass Steel to Mercury Warbond Edition
3,Cutlass Steel,Mercury,120 months,35.00,36.20,5.00,30.00,20.00,-10.00,Upgrade - Cutlass Steel to Mercury Warbond Edition
3,Cutlass Steel,Mercury,120 months,35.00,36.20,5.00,30.00,20.00,-10.00,Upgrade - Cutlass Steel to Mercury BIS Warbond Edition
1,Terrapin,Meteor,120 months,40.00,45.87,20.00,20.00,20.00,0.00,Upgrade - Terrapin to Meteor Warbond Edition
3,Vanguard Harbinger,MOLE,120 months,25.00,28.50,5.00,20.00,20.00,0.00,Upgrade - Vanguard Harbinger to MOLE Warbond Edition
2,Vanguard Warden,Paladin,120 months,40.00,45.88,15.00,25.00,75.00,50.00,Upgrade - Vanguard Warden to Paladin Warbond Edition
3,Merchantman,Perseus,no ins.,65.00,75.88,25.00,40.00,125.00,85.00,Upgrade - Merchantman to Perseus Standard Edition
4,Carrack,Perseus,120 months,200.00,227.69,15.00,185.00,185.00,0.00,Upgrade - Carrack to Perseus Warbond Edition
5,F7C-R Hornet Tracker Mk I,Prospector,no ins.,20.00,23.00,5.00,15.00,0.00,-15.00,Upgrade - F7C-R Hornet Tracker to Prospector Warbond Edition
1,Reclaimer,Prowler,12 months,60.00,65.64,10.00,50.00,30.00,-20.00,Upgrade - Reclaimer to Prowler Warbond Subscribers Edition
5,L-22 Alpha Wolf,RAFT,no ins.,50.00,56.35,5.00,45.00,65.00,20.00,Upgrade - L-22 Alpha Wolf to RAFT Standard Edition
5,Defender,Railen,no ins.,10.00,11.45,5.00,5.00,0.00,-5.00,Upgrade - Defender to Railen Standard Edition
10,Starfarer,Redeemer,120 months,15.00,15.97,10.00,5.00,20.00,15.00,Upgrade - Starfarer to Redeemer Warbond Edition
3,Razor,Retaliator,no ins.,30.00,33.03,5.00,25.00,25.00,0.00,Upgrade - Razor to Retaliator Standard Edition
3,A1 Spirit,San'tok.yāi,120 months,25.00,28.69,5.00,20.00,35.00,15.00,Upgrade - A1 Spirit  to San'tok.yāi Warbond Edition
2,Hurricane,Scorpius,120 months,30.00,28.74,25.00,5.00,5.00,0.00,Upgrade - Hurricane to Scorpius BIS Warbond Edition
2,Vulcan,Scorpius,120 months,35.00,40.24,20.00,15.00,20.00,5.00,Upgrade - Vulcan to Scorpius BIS Warbond Edition
3,Razor,SRV,no ins.,15.00,17.16,5.00,10.00,15.00,5.00,Upgrade - Razor to SRV Standard Edition
1,Paladin,Starfarer Gemini,120 months,20.00,22.00,15.00,5.00,,,Upgrade - Paladin to Starfarer Gemini Warbond Edition
2,Eclipse,Starfarer Gemini,120 months,35.00,40.24,15.00,20.00,25.00,5.00,Upgrade - Eclipse to Starfarer Gemini Warbond Edition
4,Terrapin Medic,Starlancer MAX,no ins.,20.00,22.41,5.00,15.00,25.00,10.00,Upgrade - Terrapin Medic to Starlancer MAX Warbond Edition
5,Terrapin,Starlancer MAX,no ins.,20.00,22.41,5.00,15.00,25.00,10.00,Upgrade - Terrapin to Starlancer MAX Warbond Edition
2,Caterpillar,Starlancer TAC,120 months,30.00,33.35,10.00,20.00,35.00,15.00,Upgrade - Caterpillar to Starlancer TAC Warbond Edition
5,MOLE,Starlancer TAC,no ins.,60.00,68.87,15.00,45.00,45.00,0.00,Upgrade - MOLE to Starlancer TAC Standard Edition
1,Zeus Mk II MR,Terrapin Medic,120 months,45.00,51.68,10.00,35.00,20.00,-15.00,Upgrade - Zeus Mk II MR to Terrapin Medic Warbond Edition
1,Starfarer Gemini,Valkyrie,120 months,35.00,35.87,10.00,25.00,25.00,0.00,Upgrade - Starfarer Gemini to Valkyrie Warbond Edition
4,Starfarer Gemini,Valkyrie,no ins.,35.00,35.87,10.00,25.00,25.00,0.00,Upgrade - Starfarer Gemini to Valkyrie Warbond Edition
1,F7C-M Super Hornet Mk I,Vulcan,120 months,40.00,41.68,5.00,35.00,15.00,-20.00,Upgrade - F7C-M Super Hornet Mk I to Vulcan Warbond Edition
2,F7C-M Super Hornet Mk I,Zeus Mk II MR,no ins.,70.00,80.50,10.00,60.00,0.00,-60.00,Upgrade - F7C-M Super Hornet Mk I to Zeus Mk II MR Standard Upgrade
1,600i Touring,600i Explorer,120 months,SET MANUALLY,,10.00,,30.00,,Upgrade - 600i Touring to 600i Explorer Warbond Edition
1,Aurora Mk I LX,C8X Pisces Expedition,120 months,SET MANUALLY,,5.00,,5.00,,Upgrade - Aurora LX to C8X Pisces Expedition  BIS Warbond Edition
3,Starfarer,Caterpillar,120 months,SET MANUALLY,,5.00,,25.00,,Upgrade - Starfarer to Caterpillar Warbond Edition
5,Avenger Warlock,Hull A,no ins.,SET MANUALLY,,5.00,,10.00,,Upgrade - Avenger Warlock to Hull A Standard Edition
10,Freelancer DUR,Hull B,no ins.,SET MANUALLY,,5.00,,140.00,,Upgrade - Freelancer DUR to Hull B Standard Edition
2,Starfarer Gemini,Hull C,no ins.,SET MANUALLY,,10.00,,150.00,,Upgrade - Starfarer Gemini to Hull C Standard Edition
1,Gladius,M50,no ins.,SET MANUALLY,,10.00,,0.00,,Upgrade - Gladius to M50 Standard Edition
1,Vanguard Hoplite,Mercury,120 months,SET MANUALLY,,5.00,,15.00,,Upgrade - Vanguard Hoplite to Mercury BIS Warbond Edition
5,Nova,RAFT,no ins.,SET MANUALLY,,5.00,,65.00,,Upgrade - Nova to RAFT Standard Edition
1,Gladius,Reliant Mako,no ins.,SET MANUALLY,,5.00,,0.00,,Upgrade - Gladius to Reliant Mako Standard Edition
5,Prospector,Vulture,120 months,SET MANUALLY,,5.00,,15.00,,Upgrade - Prospector to Vulture Warbond Edition
5,Prospector,Vulture,no ins.,SET MANUALLY,,5.00,,15.00,,Upgrade - Prospector to Vulture Warbond Edition
1,Razor,Zeus Mk II CL,no ins.,SET MANUALLY,,5.00,,25.00,,Upgrade - Razor to Zeus Mk II CL Standard Upgrade
1,Razor,Zeus Mk II ES,no ins.,SET MANUALLY,,5.00,,25.00,,Upgrade - Razor to Zeus Mk II ES Standard Upgrade
