From Ship,To Ship,Insurance,Qty,Listing Price,Market Low,Our Cost,Margin,Cheapest Seller,Product Name
Railen,400i,120 months,4,10.00,12.63,5.00,5.00,ElectricusSC,Upgrade - Railen to 400i Warbond Edition
Prowler,600i Explorer,120 months,1,35.00,40.24,5.00,30.00,WildKarrdes Emporium,Upgrade - Prowler to 600i Explorer Warbond Edition
Sabre,A1 Spirit,no ins.,2,25.00,25.23,5.00,20.00,Stanton Shipyard,Upgrade - Sabre to A1 Spirit  Standard Edition
Merchantman,A2 Hercules,120 months,1,45.00,51.52,25.00,20.00,Bazar,Upgrade - Merchantman to A2 Hercules Warbond Edition
Mercury,Apollo Medivac,no ins.,4,20.00,24.15,15.00,5.00,Humble Provisions,Upgrade - Mercury to Apollo Medivac Standard Edition
Constellation Andromeda,Apollo Triage,no ins.,1,20.00,21.84,10.00,10.00,WildKarrdes Emporium,Upgrade - Constellation Andromeda to Apollo Triage Standard Edition
Railen,Ares Inferno,120 months,1,35.00,41.28,10.00,25.00,Stanton Shipyard,Upgrade - Railen to Ares Inferno  Warbond Edition
Scorpius Antares,Ares Inferno,120 months,3,15.00,17.24,5.00,10.00,WildKarrdes Emporium,Upgrade - Scorpius Antares to Ares Inferno  Warbond Edition
MOLE,Asgard,120 months,2,30.00,34.49,10.00,20.00,WildKarrdes Emporium,Upgrade - MOLE to Asgard Warbond Edition
Eclipse,Caterpillar,120 months,2,45.00,48.35,5.00,40.00,Star Ship Shop,Upgrade - Eclipse to Caterpillar Warbond Edition
Vanguard Sentinel,Constellation Aquila,120 months,5,30.00,33.34,15.00,15.00,DocsCosmicShop,Upgrade - Vanguard Sentinel to Constellation Aquila Warbond Edition
Constellation Aquila,Constellation Phoenix Emerald,no ins.,1,55.00,62.65,35.00,20.00,Deonlydon,Upgrade - Constellation Aquila to Constellation Phoenix Emerald Standard Edition
Vulture,Constellation Taurus,120 months,1,30.00,34.49,10.00,20.00,DocsCosmicShop,Upgrade - Vulture to Constellation Taurus Warbond Edition
Defender,Corsair,120 months,6,20.00,22.99,10.00,10.00,WildKarrdes Emporium,Upgrade - Defender to Corsair Warbond Edition
Railen,Corsair,120 months,2,15.00,13.79,5.00,10.00,Million Mile High Club,Upgrade - Railen to Corsair Warbond Edition
Defender,Corsair,120 months,2,20.00,22.99,10.00,10.00,WildKarrdes Emporium,Upgrade - Defender to Corsair Warbond Edition
Terrapin,Corsair,120 months,1,20.00,21.85,10.00,10.00,The Shipyard,Upgrade - Terrapin to Corsair Warbond Edition
Terrapin,Corsair,120 months,1,20.00,21.85,5.00,15.00,The Shipyard,Upgrade - Terrapin to Corsair Warbond Edition
Vulcan,Corsair,no ins.,1,50.00,57.49,15.00,35.00,WildKarrdes Emporium,Upgrade - Vulcan to Corsair Standard Edition
F7C-M Super Hornet Heartseeker Mk I,Defender,no ins.,2,30.00,33.03,5.00,25.00,Stanton Shipyard,Upgrade - F7C-M Super Hornet Heartseeker to Defender Warbond Edition
Constellation Taurus,Defender,no ins.,1,30.00,32.91,10.00,20.00,Star Ship Shop,Upgrade - Constellation Taurus to Defender Warbond Edition
Cutlass Red,F7C-R Hornet Tracker Mk I,no ins.,1,30.00,33.96,5.00,25.00,Stanton Shipyard,Upgrade - Cutlass Red to F7C-R Hornet Tracker Standard Edition
Prospector,F7C-R Hornet Tracker Mk II,120 months,2,20.00,23.00,10.00,10.00,Blackrock Exchange,Upgrade - Prospector to F7C-R Hornet Tracker Mk II Warbond Edition
Legionnaire,F7C-S Hornet Ghost Mk I,no ins.,1,65.00,74.62,5.00,60.00,warbondcentral,Upgrade - Legionnaire to F7C-S Hornet Ghost Standard Edition
Prospector,F7C-S Hornet Ghost Mk II,no ins.,2,20.00,23.00,10.00,10.00,Blackrock Exchange,Upgrade - Prospector to F7C-S Hornet Ghost Mk II Warbond Edition
Reliant Mako,Freelancer,no ins.,1,25.00,28.62,5.00,20.00,warbondcentral,Upgrade - Reliant Mako to Freelancer Warbond Edition
Mantis,Gladiator,120 months,2,25.00,26.39,5.00,20.00,Star Ship Shop,Upgrade - Mantis to Gladiator Warbond Edition
Railen,Guardian,no ins.,2,10.00,12.64,5.00,5.00,ErisSpaceStore,Upgrade - Railen to Guardian Warbond Edition
Vanguard Warden,Guardian MX,120 months,1,20.00,20.83,10.00,10.00,Star Ship Shop,Upgrade - Vanguard Warden to Guardian MX Warbond Edition
Cutlass Steel,Guardian QI,no ins.,2,15.00,17.24,5.00,10.00,Star Ship Shop,Upgrade - Cutlass Steel to Guardian QI Warbond Edition
Constellation Taurus,Hurricane,no ins.,1,15.00,17.12,5.00,10.00,ElectricusSC,Upgrade - Constellation Taurus to Hurricane Standard Edition
Prowler,Ironclad,no ins.,9,50.00,57.50,10.00,40.00,StarGhost13,Upgrade - Prowler to Ironclad Standard Edition
M2 Hercules,Ironclad Assault,no ins.,8,30.00,31.05,15.00,15.00,PHROGAMEMISSDA,Upgrade - M2 Hercules to Ironclad Assault Standard Edition
Liberator,Merchantman,no ins.,1,50.00,57.49,25.00,25.00,Galaxy Assets Vault,Upgrade - Liberator to Merchantman Warbond Edition
Cutlass Steel,Mercury,no ins.,3,35.00,36.20,5.00,30.00,Game.Kingdom,Upgrade - Cutlass Steel to Mercury Warbond Edition
Cutlass Steel,Mercury,120 months,3,35.00,36.20,5.00,30.00,Game.Kingdom,Upgrade - Cutlass Steel to Mercury Warbond Edition
Cutlass Steel,Mercury,120 months,3,35.00,36.20,5.00,30.00,Game.Kingdom,Upgrade - Cutlass Steel to Mercury BIS Warbond Edition
Terrapin,Meteor,120 months,1,40.00,45.87,20.00,20.00,warbondcentral,Upgrade - Terrapin to Meteor Warbond Edition
Vanguard Harbinger,MOLE,120 months,3,25.00,28.50,5.00,20.00,Chop Chop Ship Shop,Upgrade - Vanguard Harbinger to MOLE Warbond Edition
Vanguard Warden,Paladin,120 months,2,40.00,45.88,15.00,25.00,Star Ship Shop,Upgrade - Vanguard Warden to Paladin Warbond Edition
Merchantman,Perseus,no ins.,3,65.00,75.88,25.00,40.00,Chop Chop Ship Shop,Upgrade - Merchantman to Perseus Standard Edition
Carrack,Perseus,120 months,4,200.00,227.69,15.00,185.00,AlinFleet,Upgrade - Carrack to Perseus Warbond Edition
F7C-R Hornet Tracker Mk I,Prospector,no ins.,5,20.00,23.00,5.00,15.00,Blackrock Exchange,Upgrade - F7C-R Hornet Tracker to Prospector Warbond Edition
Reclaimer,Prowler,12 months,1,60.00,65.64,10.00,50.00,WildKarrdes Emporium,Upgrade - Reclaimer to Prowler Warbond Subscribers Edition
L-22 Alpha Wolf,RAFT,no ins.,5,50.00,56.35,5.00,45.00,zakyrel,Upgrade - L-22 Alpha Wolf to RAFT Standard Edition
Defender,Railen,no ins.,5,10.00,11.45,5.00,5.00,Drake Store,Upgrade - Defender to Railen Standard Edition
Starfarer,Redeemer,120 months,10,15.00,15.97,10.00,5.00,ErisSpaceStore,Upgrade - Starfarer to Redeemer Warbond Edition
Razor,Retaliator,no ins.,3,30.00,33.03,5.00,25.00,ErisSpaceStore,Upgrade - Razor to Retaliator Standard Edition
A1 Spirit,San'tok.yāi,120 months,3,25.00,28.69,5.00,20.00,Chop Chop Ship Shop,Upgrade - A1 Spirit  to San'tok.yāi Warbond Edition
Hurricane,Scorpius,120 months,2,30.00,28.74,25.00,5.00,WildKarrdes Emporium,Upgrade - Hurricane to Scorpius BIS Warbond Edition
Vulcan,Scorpius,120 months,2,35.00,40.24,20.00,15.00,WildKarrdes Emporium,Upgrade - Vulcan to Scorpius BIS Warbond Edition
Razor,SRV,no ins.,3,15.00,17.16,5.00,10.00,Deonlydon,Upgrade - Razor to SRV Standard Edition
Paladin,Starfarer Gemini,120 months,1,20.00,22.00,15.00,5.00,Chaos Industries,Upgrade - Paladin to Starfarer Gemini Warbond Edition
Eclipse,Starfarer Gemini,120 months,2,35.00,40.24,15.00,20.00,WildKarrdes Emporium,Upgrade - Eclipse to Starfarer Gemini Warbond Edition
Terrapin Medic,Starlancer MAX,no ins.,4,20.00,22.41,5.00,15.00,Deonlydon,Upgrade - Terrapin Medic to Starlancer MAX Warbond Edition
Terrapin,Starlancer MAX,no ins.,5,20.00,22.41,5.00,15.00,Deonlydon,Upgrade - Terrapin to Starlancer MAX Warbond Edition
Caterpillar,Starlancer TAC,120 months,2,30.00,33.35,10.00,20.00,ShipLeagacy,Upgrade - Caterpillar to Starlancer TAC Warbond Edition
MOLE,Starlancer TAC,no ins.,5,60.00,68.87,15.00,45.00,warbondcentral,Upgrade - MOLE to Starlancer TAC Standard Edition
Zeus Mk II MR,Terrapin Medic,120 months,1,45.00,51.68,10.00,35.00,Deonlydon,Upgrade - Zeus Mk II MR to Terrapin Medic Warbond Edition
Starfarer Gemini,Valkyrie,120 months,1,35.00,35.87,10.00,25.00,WildKarrdes Emporium,Upgrade - Starfarer Gemini to Valkyrie Warbond Edition
Starfarer Gemini,Valkyrie,no ins.,4,35.00,35.87,10.00,25.00,WildKarrdes Emporium,Upgrade - Starfarer Gemini to Valkyrie Warbond Edition
F7C-M Super Hornet Mk I,Vulcan,120 months,1,40.00,41.68,5.00,35.00,Stanton Shipyard,Upgrade - F7C-M Super Hornet Mk I to Vulcan Warbond Edition
F7C-M Super Hornet Mk I,Zeus Mk II MR,no ins.,2,70.00,80.50,10.00,60.00,Freedom Spaceships,Upgrade - F7C-M Super Hornet Mk I to Zeus Mk II MR Standard Upgrade
600i Touring,600i Explorer,120 months,1,SET MANUALLY,,10.00,,,Upgrade - 600i Touring to 600i Explorer Warbond Edition
Aurora Mk I LX,C8X Pisces Expedition,120 months,1,SET MANUALLY,,5.00,,,Upgrade - Aurora LX to C8X Pisces Expedition  BIS Warbond Edition
Starfarer,Caterpillar,120 months,3,SET MANUALLY,,5.00,,,Upgrade - Starfarer to Caterpillar Warbond Edition
Avenger Warlock,Hull A,no ins.,5,SET MANUALLY,,5.00,,,Upgrade - Avenger Warlock to Hull A Standard Edition
Freelancer DUR,Hull B,no ins.,10,SET MANUALLY,,5.00,,,Upgrade - Freelancer DUR to Hull B Standard Edition
Starfarer Gemini,Hull C,no ins.,2,SET MANUALLY,,10.00,,,Upgrade - Starfarer Gemini to Hull C Standard Edition
Gladius,M50,no ins.,1,SET MANUALLY,,10.00,,,Upgrade - Gladius to M50 Standard Edition
Vanguard Hoplite,Mercury,120 months,1,SET MANUALLY,,5.00,,,Upgrade - Vanguard Hoplite to Mercury BIS Warbond Edition
Nova,RAFT,no ins.,5,SET MANUALLY,,5.00,,,Upgrade - Nova to RAFT Standard Edition
Gladius,Reliant Mako,no ins.,1,SET MANUALLY,,5.00,,,Upgrade - Gladius to Reliant Mako Standard Edition
Prospector,Vulture,120 months,5,SET MANUALLY,,5.00,,,Upgrade - Prospector to Vulture Warbond Edition
Prospector,Vulture,no ins.,5,SET MANUALLY,,5.00,,,Upgrade - Prospector to Vulture Warbond Edition
Razor,Zeus Mk II CL,no ins.,1,SET MANUALLY,,5.00,,,Upgrade - Razor to Zeus Mk II CL Standard Upgrade
Razor,Zeus Mk II ES,no ins.,1,SET MANUALLY,,5.00,,,Upgrade - Razor to Zeus Mk II ES Standard Upgrade
